{"launchInDesktopMode":false,"taskbarHeight":0,"masterVolume":0.0,"meowVolume":-5.402039527893066,"attentionSeekVolume":-42.90325927734375}